title,rating
The Pourne Identity,5
Before cunset,10
Wreck-It alph,8
Rush,8
TThe Fast and the urious,6
Delreveary Man,6
Irn Man 3,10
Wreck-It Rapph,7
z2,6
Forqettin Sarah Marshall,10
LRush,10
Delivery an,5
The Wolf of Wall StreeO,8
Iron Mn 3,6
nTKlTsJlkHCwXWPEhf,5
Ted 2,8
Rush,9
Les MisérablLes,6
The Wolf of DWall Stweet,9
Ijron Man 3,7
Alice in Wonderlald,7
TheWolf of Wall Stret,9
The Faste and the Furious,6
IrZn Man ,7
Ruh,10
swX mRwBjZfVy,9
wLes Misérables,8
fPxmlBaJNPc mgb J,9
The WolfEof Wall Street,8
DelFvery Man,8
Reservoir Dogs,7
The Big Saort,9
TheK Wolf of Wale Snreet,5
Iron Man 3,10
Ruesh,7
Rush,9
The Wdlf of Walk treet,10
ReservoiY Dogs,10
IronManc3,8
42,7
BThe Ugly Truth,9
HgxMEt oXq,4
Spy,8
ForgeNtting Sarah MarshXal,7
Hercules,7
Iron Man 3R,10
TBd 2,4
Iron Manw3,9
The Wolf of WaTll Street,8
The Wol of Wall atreet,10
Reservoir Dogs,9
Iron an 3,5
Spy,7
oiLIksRVweC,8
I on Man 3,8
Rush,9
The Thin Rd Lin,1
The Wolff of Wall Street,7
The Wolf oj WallMeSaeet,8
Kari-gurashi no Arietti,9
The Others,9
The Fate oHf the Frious,8
GXeEGLCecJ,1
Iron Man ,6
he Wolf of Wall StDee ,10
Rush,10
Artc u Christmas,10
pgmuxWY,7
kXnMbjQNFw f,9
DeliverL Man,7
ZThe KBig Short,8
RBridget Jones's BxabDy,7
Iron Man 3,10
IUon Man 3,8
Terminator 3: Rise of the MachSines,6
The WolC ofvR Wall Street,8
Irob Man 3,10
Iron ManP3,7
ThoC,9
Thd Wolf of Wal Strreet,7
Rush,9
Irof Man q,7
Iron MKan 3,7
RuWh,7
I I Shtay,8
Night at the Muserum: Secret of the Tomb,4
Bush,6
Mbr. Turner,8
The Fate of th Furious,10
IrVon ManB3,7
The WolHf of Wall Street,6
2,9
The Thin Red Lin,9
ReNservoir KDogs,9
otal Recall,5
TPed 2,4
If I Stay,6
Les nsérables,10
4a,9
Moulin Rouge!,8
Drive,7
Hercules,6
Hercules,7
Solce,10
42,8
IroniMan Y3,8
If I Stay,10
The Wdlf of Wall Street,6
Spy,9
Les Misérables,9
The Fate of ths Fnrious,8
Wrec-It RLlph,9
zTwe Big SRhort,6
Ted 2,7
Spy,6
hor,9
Qhe Bi Short,7
Ted 2,7
Ted 2,6
ush,10
The Wolf of WalltStreet,9
Iron kan 3,8
Ironf Man 3,7
The Fate ofu the Furious,8
42,7
tviGqDe,5
Rus,5
Rush,8
Who Am I -t Kpgein SysPteJm ist sichCr,10
Kari-gurahi no Ariletti,8
Xush,7
The WoNf of Wall Street,9
The Rewrite,8
The Wgolf of Wall Strqeet,10
DdlBiveryMan,6
Les Misérable,8
Iron an ,6
The Wolf of Wall Szreev,9
TheH Others,10
PIron Man 3,9
ugmh ReyMNG,7
Ruoh,9
GThor,7
Wreck-It Ralph,8
WreMk-It Ralph,10
The Wolf ofx Wall StrGeet,10
HerSculesE,7
Ruh,9
Iron Man 3,8
TGbX ix,8
lqueaTkwPEXLl,9
4m2,8
The Wlf of Wall Street,7
Iron Man 3,9
TFerminator 3: Rise of the Mahies,7
Moulin Roure!t,7
Iuron Man 3,10
Cas,9
The Weolf of WaSl Skreet,10
Rush,8
Cbaibn: Montage of Heck,8
The Fate of the Furious,7
Dead PoeRs Society,10
Night at the Museum: Secmet of the Tomb,7
4S,9
Deliveryo Ma,6
Tbhor,8
j42,7
The Big Short,7
The Wolf of WamlSYStreet,10
Ulice in Wondeurland,6
Iron Man p,6
Iron Ma  3,9
Irbon Man d3,7
Iron Man 3,8
The Fast and the Furious,8
Te BigShort,7
Ted 2,4
The Wolf of Wall Street,8
HercuHs,7
3th,10
The Big Short,8
The Fatem of the Furious,6
Rush,7
Irop Man 3,8
Terminator 3: Rise of the Mchines,8
42,8
Les Misérables,3
Sps,9
ThI Big Short,8
Hercule,3
Iron Man 3,9
Iron ManS 3,7
Ruwh,7
The Big zhort,9
Tse BopurKne Identity,6
Les Mgisérables,8
Resurvoir Dogs,8
Hercules,5
Apy,7
Sfy,5
TheHWolf of all Street,6
Contra band,6
SojweTex JWA YY,9
Iron Man 3,3
WreckQIt RaBph,8
SpOy,7
Rusm,9
The Wolf of Wall Street,10
Les Misérablesa,7
Iron Man 3,8
The Thin Red Line,1
vCRHTQUGUxogN,10
Hercule,5
Q13th,9
lpy,6
he zFast and the FuriouGs,7
Ted 2,7
The Wolf of WalF StDreet,9
TropA Thunder,8
Tota Recall,6
TFhe Fast nd theR Furious,7
Dlivery Man,5
DeJivery Man,5
Iron Mn 3,10
Rush,9
bWlNGZhdp,9
Wreck-xt Ralph,7
Rush,5
Iron Man 3,7
Rusvh,8
The Wcolf of Wall Street,9
The Wof of Wall Stret,6
If I Stay,9
oron Man ,9
Irlon Man 3,8
vhe Biuzne IdAentity,6
The YJWolf ofWall Street,8
Tdej Wolf of Wall tStreet,9
Spy,10
Just Go wih It,6
IEtRvAwwDknClnmA,6
efiance,8
Rush,8
Iron Man 3,9
IroncMan 3,8
hor,10
Before Suset,8
Rush,10
Spy,6
TheF Thn Red Line,1
PG qqzGh,9
Spy,7
rin Man 3,7
Thor,3
Iron Man 3,7
Spyy,7
Iron Man 3d,8
lHpsICLcqLSV,9
Iron Man 3l,8
Iron Man T3,7
If I Stay,7
Iron Man 3,9
Th Wolf of Wall Street,8
The olf of Wall trePt,10
The Bi Short,9
hThe Wolf of Wall MStreet,7
Iron Man 3,9
IZPQuEhnBGnEN,6
Wreck-It Ralpph,8
Wreck-It Ralph,10
Iron Mmn 3,7
Defiamce,7
Ted 2,7
Totabl Recall,6
Drive,9
Iron Man 3,8
STed 2,7
Spy,10
Thor,8
KunLHg Fu Panda,8
The Wolf o Wall Street,10
Les yMiséables,8
Iron Man 3,8
tSwW yVqrKelogK,7
RePservoir Dogs,9
Tropic ThundeX,8
FoHrgetting Sara Marshall,7
The Big Short,8
Iron iManN3,9
Rush,10
The Others,8
The Bolf of Wall Streezt,9
Dush,9
Ted 2,8
ThepWof of Wall nStreetH,8
Hercules,8
Ted 2,5
Tho,8
Nigt at the Museum: Secret of tKHe Dmb,4
VIron Man 3,7
Ted 2,4
Drive,7
WreDk-It Ra lph,8
Alice in WonderlaFnd,4
The Thin ed Lime,1
Just Gowith It,2
Karigurasehi no Arietti,8
The Big Short,6
IronCMan 3,7
Les MiYérables,7
Abraham Lincoln: Vampire xHunqer,5
Dead Poets Society,9
Just Go witlh It,6
Njue CQSnrbirDcoR,8
The Thimn Rmed Line,1
Dead Poetp SocietyK,7
Dead Poets pociety,8
Ted 2,8
Rush,10
Drive,5
IronyManc3,9
TUe Wolf Rf Wyll Streetm,8
Night at the Museum: SeHcet of the Tomb,7
Conhtraband,3
Tje Sewrite,5
iahjtYFfoy P  A,7
Hercules,7
HHcrcules,7
Alice n WonderRlanld,10
If I Stap,8
TUed 2,7
Rush,9
The Wolf f Wall Sreet,7
oron Man 3,7
The Fate oe te TFurioua,8
Tx K swRRGC,6
ron Man 3,8
qE CSZFEhNodnM,8
Kari-gurashiJ no Arietti,8
Les Misérjbles,7
Th Wolf of oll Street,8
The Wof of Wall Street,9
Irv Man 3,9
The Wolf of Wall SNtreet,7
Rush,8
The  Wolf ofaWall Street,8
MpHcNgyMVO hy,5
Spy,7
The Wolf ofz Wall Stret,8
ThB Wolf of Wall Strgeet,9
Iron Man L,10
Iron Man 3,8
Thhe Fate of the Fubrious,10
BeforKe Suset,6
The Wolf of Wall StreeB,9
The Wolf of Wall Street,10
The Wolf of WallM Street,10
The Wolf of Wall Strecet,7
Th Wolf of WaBll Street,8
Mr. Turner,6
FThor,6
The Bousne Identity,8
Just o with It,6
Thor,6
pShXtaK  BRiBrQ,9
The Bg Short,9
Rush,9
The Fate of the urius,7
The Fastand the BFuriours,10
Tropic Thundr,7
The Wolf of Wall qStereet,7
The Wolf of Wall Street,8
TXd 2,5
4N2,8
Reservoir Dogs,8
Spy,10
DeaMd PoePs Society,10
Ted 2,4
The Wolf of Wall IStreet,9
The WColf offWall Street,9
The Wolf of WalliStreet,8
Reservoir DoNgs,10
The Wolf ofWal Street,8
Iron Man 3,9
Abraham Lircohln: Vaunire Huner,10
Niht at the Museum: Secretyof the Tomb,6
Hercues,6
2,10
Iron Man 3,8
The Bourne mdentity,8
CoZain: Montage of Heck,8
Wreck-It Ralph,10
The Wolf of Wall Street,8
Tht Thi Red Line,10
Rush,5
Cobain: Montag of Heck,8
DGlivery Man,6
The Big Short,8
The Big Shor,7
fIronz Man 3,8
13th,8
The Wolf of WallStreet,9
Hercules,6
The BiP Shrt,7
Rush,9
The Wol of Wall Street,9
Iron Man 3,8
Ir I SUay,7
DzyrrysNUQlRK,8
42,8
Spy,6
The Wolf o ll Smreet,10
The Wol of Wall mStreet,10
Tthe Fzst aBd the Furious,7
Tho Ab Ir - Kein System ist sicher,8
The of eof Wall Streoet,9
Before Sunset,7
Sp,7
TheWolf of Wal Street,8
Cape FOarX,8
Flippd,8
42,5
Iron Man 3,7
The Fae of te wFuros,6
Iron MaK3,10
The Rwrite,1
Les isérables,10
Mtuln Rouge!,8
The Big Short,8
Ion Man 3,8
v GIKwHb,9
Rush,7
RSush,8
Abraham Lincln: VKapmpire Hunter,7
Wreck-ItRalTph,7
Reservoirq Dogs,9
Abraham Licoln: Vampire Hunter,6
Yrx dDCycU,6
Les MisérabBles,9
Iron Man 3g,5
jThe Wolf of Wall Street,5
Y NrKiGLkgFVqg,5
IrVn Man 3,6
CarsU,8
Iron Man 3,6
BrFdget Jones's BbRy,8
ReservoirDogs,8
Total Recall,8
Before Sunset,7
TotalRecall,7
Night atvthe MAseum:cSert of the Tomb,8
If I Stay,7
tHercules,4
The Wolf of Wall treet,9
Before Sunset,7
The Fae o tve Furious,8
TCe Wolf of WallAStreet,8
DBive,7
The WolLfof Wall Street,9
Before SInset,8
Iro Madn 3,7
Rush,7
Kaf ewXaZiUzegBjp,8
Fron Man 3,8
hRush,6
The Wlf of Wall Street,8
Abraham Lincoln: Vampire unter,6
The Fast and the FKrious,2
Ion Man 3,7
Cape Fear,10
D42,9
The kBourne Idetity,7
RzAVFfz lCVqHXGc,10
lTUhYe Wolf Kof Wall Street,8
RZsh,9
Ironm Man K3,8
Sy,8
Te Wolf of VWall Street,10
Rush,8
Thor,7
The BizShort,9
Thek Big Short,9
DriJve,8
Rnush,9
Iron Man 3,9
Spy,8
Hercules,10
Ooe lX,8
Hercules,4
The OYthers,5
Iron Man 3,7
IPf I Stay,7
Total RecaGl,5
TheE Wolf of WYallgStreet,8
RjHwfppuLXWL U,7
"M, Myself X&Irene",7
LesMisérableds,6
Reservoir Dogs,8
Iron Man 3o,9
Rush,7
yujgfFJHLtINrDcf,9
AlicZe in Wondezrland,6
Iron Man 3,6
The Fate of he Furious,8
Iron Man 3,7
42,1
Rushf,1
Th Wolf of Wall Street,8
Deliery Man,7
Total Recall,4
Wreck-It Ralpch,10
Total Recall,5
es isérables,6
The Big Short,8
Ruh,7
The Wolf ifWall Street,8
TChe Wolf of Wall Etreet,9
TheWolfQ of Wall Street,8
Iron Man 3,7
Irfn Man 3,7
Herculs,5
Rush,9
Cobain: Montage ofr HeckV,10
Y42,9
Then Big Short,6
Iron Man 3,8
Kxng FZ Panda,8
Contraband,6
Iron Man 3,9
Rush,10
Le Miérables,9
ThYe Bourne Identitz,8
Iron Man 3,9
SpyD,6
BY cfVPJEkyze,6
X ZoNfSrt ACSffy,10
The Wolf of Wall Street,10
Solace,10
ehe Wlf oO Wall Street,8
Dive,9
The BigShort,3
The Day After gomXrrjow,6
The Wlf of Wall Street,9
Iron Ma 3,7
oRFYUVcr,8
Iron Man 3,6
42,8
42,7
HIf I Stay,7
Iron an 3,8
Solace,4
Spy,7
Iron Man 3,7
The Wolf ofMWallStreet,9
Rush,9
The Wolf of Wlpl SItreet,10
If I Sta,7
heQOthers,9
RAsh,8
Thor,7
Dirive,8
The WolfBof Wall Street,7
The Wblf of Wall otret,10
Les Misérables,9
TheM XFate of the FPrious,8
IronS Man3,10
The Wolf ofZWall PSEreet,1
Hercules,8
MoulinRohge!,7
QKZBwxAv,8
Te Wolf of Wall Stret,8
Cars,9
BOzv mFAAbgD,8
The JWolf kf Wall Street,5
Tud 2,9
Total RecalV,7
zAbahaF LGinoln: Vampire Husnter,1
The Big Short,7
The Wolfo of WallStreet,7
Te Wolf ofGWall Street,7
4,8
Mr Turer,5
Total Recal,3
Night agt the Museum: Secret oEf the Tomb,5
The Wolf of Wall Street,9
Irmon Man 3,6
BridgetJones' Baby,6
Kung Fu Pnda,5
TZheq Thin Red LDine,1
Sy,7
ush,9
Kung Fu Pnda,10
Th Big Shovt,8
Rish,10
The Rewurite,8
The Wolf of WaXll Sjzeet,10
Rush,7
Drive,6
Iron Mhn 3,8
Hercules,7
Driae,8
Iron Man 3,3
Iron Man 3,7
Iron Man3,8
Just GoVVwith It,7
The Big Short,8
Wreck-It RDlph,9
Rush,8
RuYsh,8
The Wolf of nWall Street,9
DSlivery Man,9
IjYQjWLYgIG,8
Reservoir Jos,9
ro Man 3,10
Rus,8
Thep Wolf of Wall Street,10
Reservoir Dogs,9
RusFh,10
Runsh,8
HerculKs,6
Befor Sunset,7
K42,10
rive,6
ContBaband,6
cWrecpk-It Ralph,10
Wreck-It RalUh,6
The Wolf of WaOl Street,8
Jut Go iXth It,9
Hecules,6
Reservoir Dogs,9
Te Cig Short,7
eservoir Dogs,9
Hron Man 3,6
Iron Man 3,7
Wreck-It Ralph,9
yPkHQqMQMCAxBLqw,6
Ted 2,9
Rush,9
Bridget Joes's Baby,7
Iron Masn 3,10
Cawrs,8
IonMan 3,7
42,7
IrSn Man 3,10
Rus,10
Moulin Rouge!,9
DriXe,10
The Nolf of Wall Street,9
TheFThin Red LEiDe,10
Iron Man 3,7
Ted 2,7
Rush,8
The Wolf of Wal StVreet,10
Total ReVall,6
The Bourmne Identity,10
Rush,9
The Thin Red Line,1
The Wlfof Wall Street,8
The Wolf of alUl Street,7
DeaQ Poets Socibty,7
The Wo fS of Wall StDreet,8
AKKxKgxU,7
Tqhor,6
Iron ManY 3,10
DadxPoets Society,9
The Wolf wf Walml Street,8
TheZOtheGrs,7
The Biq ShoNrt,7
"Me,Myoself & Iree",6
The Wolf of Wall StreeG,10
Tropfic Thunder,9
Rsh,9
Before Sunset,8
The Boqrne IdenRity,6
If I rtay,7
42,7
Tmhe RWolf of Wall Street,9
Rush,8
Night at the Museucm: Secret of fthe Tob,7
ron Man 3,7
If I Stay,6
NIf I Stgy,8
Zhee Day After Tomorrow,8
RNsh,9
The Wol of Wayl Street,10
The Fate of the urHious,7
Iron Man 3,5
Hoercules,4
Night at theK MuseOum: mecret of ghe TAmb,6
Txd 2,10
If I Stay,6
Lpy,2
IrDn ManV 3,9
The Wolf of Wall Street,8
The Fate of the Eurious,5
Arthur Chistas,7
The WolVf of WaCl Street,9
e SzlemNbvNF,7
The Fate of the Furiovus,7
The Big Short,7
rRush,5
Les MisérQrables,6
Night at the MAuseum: Secret of the Tomb,8
The Wolf of Wall Steet,9
The Big Sort,7
The Big Short,9
Spy,7
Rush,9
Rush,8
Spy,7
42,7
Iron Min 3,8
Iron Man x3,7
If I Stay,6
Delivery Man,3
Tho,7
Wrec-It Ralpxh,9
The Wolf of WalCl Street,9
Bfore Sunsety,9
Forgetting Sarah Marshall,8
Abraham Lincoln:u Vampire Hunter,6
The Wolf of Wal Stree,9
cacjPozamcQP,9
Rush,10
Iron Man 3,8
zFneXFGW,8
TUor,7
he Wolf Rf Wall Strewet,10
Nightb t the Museum: Secret of thwe Tomb,6
Delivery Man,6
Hercules,7
Iron Man 3,5
Rush,9
The Wolf rf Wall trelet,9
The Wolf of WQll Street,9
lSpy,7
Spy,7
The Wolf of Wall Street,9
The FateofO the Furious,8
Dead Poets Society,10
The Bg ShorV,8
Iron Man 3,7
Iron Man 3,9
DriKe,9
Reservoir Dogsr,8
Nighc atthe Museum: Secret ofm the Tomb,6
The cBourne IdeGtity,8
Les Misérables,10
Rush,7
Kari-gurDasi no Arietti,7
Tje Fate of theV Furious,7
Hercules,9
Termnator 3: Rise of the Machinms,7
S y,9
uTZTrTVAlhQAa PkfT,8
Defiance,8
The Big Short,8
Rwk QpCb T,9
SWpy,10
The Bourne Identity,7
Rush,8
The Wolf bof VWall Dtreet,7
NWWQEnyMG W,1
Les MiséRabbles,7
Cpe Fear,5
The olf of Wall Street,9
he Wolf of Walf Street,8
Kari-egurashi Ko Arietti,7
Terminador 3: Rise of the Machines,6
py,6
The Wolf ofsWavl StreSet,8
Ruh,10
Reservoir Dyogs,1
Night at te MeseuW Secret of thePTomb,7
Dfiance,8
The Wolf of Wall Street,9
The FateRLf the Furious,8
xhe Thin Red Line,1
ThZe Wolf of Wall Street,9
Iron Man 3,8
Drive,10
Ted t2,5
The Big Sort,7
Ion Man 3,7
Rsh,9
CTed 2,4
Spy,9
Dead  oets Sdciety,7
Irn Man 3,8
Delivery Man,6
Rushn,8
The Big Shot,9
The Big GShort,9
The Big ShorFt,7
The Day Afte Tomorrow,7
Les Miséraybles,7
RU fbBuCEmOL,9
The Bourne Idenstity,9
Les Misérabls,8
Thor,8
Mes Csérables,8
The Fate of the YFurioue,5
py,8
Terminatr 3: Rise ofb th Machne,4
Defirancn,9
Iron MXan 3,9
Wreck-It Rlph,8
The Wolf of Walm Stureet,8
The Hig Shorst,9
RuXh,9
WrecDk-t Ralph,7
Dead PoeGts Society,10
A neaCKhaK F,9
Rdush,7
The oRfof Wall Street,7
The Big Short,9
Iron UMan ,7
The Wolf of Wall SreetI,9
Hercules,9
Iron Wan 3,8
Iron Man 3,8
Before Sunsmet,7
Rush,7
The Wolf of Eall Street,8
Drive,8
BeforedSunset,9
JBhYpqdZXsVVx,7
The Wolf or Wall Street,9
WLes MisérableKs,10
IronMan 3,8
Cape hFear,6
Mr. Turner,1
The Wig Short,8
Hercules,7
TheBig Short,8
The TateBof the Furious,10
RWsh,7
The Wolf of mWall Street,8
Spy,3
Delivermyz aMan,7
LRush,10
Rush,9
Rsh,9
Reserzoir Dogs,9
2,9
Resecrvoir Dogs,10
The Fast and th e FuriGus,8
Wreck-IU Ralph,5
Wreck-It Ralph,6
If I Stay,8
IfI Stay,8
Rus,10
The Big Shot,7
Iron Man 3,9
If I Stay,6
42,9
Rusa,9
Delivery Man,6
Sy,9
Rus,7
Spy,7
YRcrNOcDOK,6
Iron Man 3,9
The Wolf ofWllfStreet,9
Reservoir Dms,10
Rush,8
42,7
Rush,8
Irn Man 3,8
Spy,7
The Wolrf  of Wall Street,9
Twed 2,8
Iron Man 3,9
Just Go with It,9
ThYe Wolfn of Wall Street,7
Tho,7
DliveryMan,7
Rush,9
IrMn Man 3,8
BCmJarVvfPvuHZ,10
TheThin Red Sine,8
Cobain: rontage of Heck,10
The Bourne CIdentity,8
Flipped,8
The WQolf of all Street,6
Mr. Tulrnjr,8
TropicThuder,7
Iron Man 3,8
Deliveryp Man,7
The Wolf of Wall Street,10
TheBig Short,7
Irox Man 3,7
BridgB Jones's Baby,7
Kari-gurash no Arietti,8
VPyKQjhVDhj eU,9
The Wolfi oif Wall SVtreet,9
Rush,10
Iron Man 3,8
Rsh,9
Deyivery Man,6
Iron Man E,10
The Wolf of Wall Sftreet,8
Ted 2t,8
Wreck-It alph,8
Rush,9
The Wolf ob Wall Stet,8
kght at the Museum: kecret of the Tomb,10
Spy,7
TheMBig Short,6
Solace,8
Rush,8
MouYin Rouge!,10
MouGlini Rouge!,8
The Wolf of WalP Street,8
RuLh,10
Dead Poets SXociety,9
Iron Man 3,10
Spy,8
Spy,7
The Boure Identity,8
The Wolf od Wall Street,8
Alice in Wonerland,6
Rsh,10
The Wlf of Wall ltreet,8
Ruh,8
Rush,8
The Wolf of WallStreet,9
Night Gt theF Museum: Secret of the Tomb,7
Iron ManL 3,10
Les Misérakle,10
bhe Wolf of Wall Street,9
Rcservoir DoIs,8
Rush,8
Drive,9
Iron Man 3,6
The Big Shor,4
Les Misérables,7
42,8
I I Utay,7
Forgetting Srah Marshall,8
WfQiNiFPUEqF,9
The Wolf of Wale Street,7
If I Say,10
Thej Wolf of Wall Street,9
The Bipg Short,8
The Big Short,9
RMsh,8
Tfe Big Shor,10
Ebat PrayiLoe,6
The aUe of the FuriOus,7
Total Rrcall,7
The Woplf of Wall Street,9
g2,5
Ted ,6
Drive,7
Cobain: Montage of Heck,7
Rush,8
Rush,7
IUon Man 3,7
The Big Shrt,9
Wreck-Ia Ralph,9
WreckH-ItQRalph,10
Iron Man 3,7
Wreck-It Ralph,8
Drive,8
Spy,7
d42,9
Night at the MusBum: Secret qof the Tomb,7
The Wolf of Wall StMreWt,10
Les Miséralks,7
The Wol ofm Wall Strbet,10
TheaWolf of Wall Street,7
Wreck-It RJalph,8
Tho Big Short,6
Rusx,9
Reservoir Dogs,10
Iron Man 3,9
ush,10
42,7
The Wof of Wall Street,10
The Wolf tku Wall Street,8
Solace,7
xKs viaeUrIk,10
The hin ded Line,1
Iron Man 3,6
The Wolf of Wall Street,5
If IKSta,7
Drive,9
Ion Man 3,10
Iron Man 3,7
"Me, iyself & Irene",6
The Ugly Truth,7
DeadPoePts Society,9
Solace,7
Iron Man l3,10
Iron Man 3,7
The Day After Tomorro,9
Toal RCecall,9
T e Wolf of Wall Street,9
